{
    "xo": {
        "x1": {
            "value": 4.3388321254206215,
            "lb": 3.9617900000000006,
            "ub": 4.56179
        },
        "x2": {
            "value": 16.402386522858706,
            "lb": 10,
            "ub": 25
        },
        "z2": {
            "value": 0.03736383897112594,
            "lb": -0.9,
            "ub": 0.9
        },
        "height": {
            "value": 15.354781913155445,
            "lb": 0.1,
            "ub": 30
        },
        "top": {
            "value": 0.4177394155628167,
            "lb": 0.05,
            "ub": 1
        },
        "upper": {
            "value": 0.5051562056158789,
            "lb": 0.2,
            "ub": 1
        },
        "dz": {
            "value": -0.6631787107218425,
            "lb": -5,
            "ub": 5
        },
        "flat": {
            "value": 0.026337014552793043,
            "lb": 0,
            "ub": 0.8
        },
        "tilt": {
            "value": 3.8920675129096196,
            "lb": -45,
            "ub": 45
        },
        "bottom": {
            "value": 0.34606176073506767,
            "lb": 0.1,
            "ub": 1
        },
        "lower": {
            "value": 0.5806068599520899,
            "lb": 0.1,
            "ub": 1
        },
        "l0s": {
            "value": 1.0895894399182586,
            "lb": 0.05,
            "ub": 1.9
        },
        "l0e": {
            "value": 0.6514373158714485,
            "lb": 0.05,
            "ub": 1.9
        },
        "l1s": {
            "value": 0.9382148155494406,
            "lb": 0.05,
            "ub": 1.9
        },
        "l1e": {
            "value": 0.6024798921048322,
            "lb": 0.05,
            "ub": 1.9
        },
        "l2s": {
            "value": 0.6760214564654672,
            "lb": 0.05,
            "ub": 1.9
        },
        "l2e": {
            "value": 0.3543023282277846,
            "lb": 0.05,
            "ub": 1.9
        },
        "l3s": {
            "value": 0.5992727256447332,
            "lb": 0.05,
            "ub": 1.9
        },
        "l3e": {
            "value": 0.6564759172596982,
            "lb": 0.05,
            "ub": 1.9
        }
    },
    "oppvar": [
        "x1",
        "x2",
        "z2",
        "height",
        "top",
        "upper",
        "dz",
        "flat",
        "tilt",
        "bottom",
        "lower",
        "l0s",
        "l0e",
        "l1s",
        "l1e",
        "l2s",
        "l2e",
        "l3s",
        "l3e"
    ],
    "symmetric": false,
    "tension": "full",
    "family": "S",
    "objective": "L",
    "n_TF": 16
}
