{
  "Name": "EU-DEMO",
  "reactor_type": "Normal",
  "tau_flattop": 6900,
  "n_TF": 18,
  "kappa_95": 1.6627442659949148,
  "kappa": 1.8622735779143047,
  "delta": 0.49950000000000006,
  "C_Ejima": 0.3,
  "eta_nb": 0.4,
  "fw_psi_n": 1.05,
  "LPangle": -15,
  "tk_bb_ib": 0.755,
  "tk_bb_ob": 1.275,
  "tk_tf_front_ib": 0.05,
  "w_g_support": 1.5,
  "g_tf_pf": 0.05
}
