{
    "xo": {
        "x1": {
            "value": 5.592249025796986,
            "lb": 5.592120999999999,
            "ub": 5.5941209999999995
        },
        "x2": {
            "value": 18.762875826526894,
            "lb": 17.110357295744254,
            "ub": 20.110357295744254
        },
        "z1": {
            "value": 8.65557085109971,
            "lb": 7.741726957882247,
            "ub": 9.741726957882246
        },
        "z2": {
            "value": -9.298108715199616,
            "lb": -11.298108715199616,
            "ub": -9.298108715199616
        },
        "r": {
            "value": 2,
            "lb": 1.999,
            "ub": 2.001
        }
    },
    "oppvar": [
        "x1",
        "x2",
        "z1",
        "z2"
    ],
    "family": "P",
    "objective": "L",
    "n_TF": 18
}
