{
    "xo": {
        "x1": {
            "value": 0.7747,
            "lb": 0.38735,
            "ub": 5
        },
        "x2": {
            "value": 8.603379393680338,
            "lb": 8.0,
            "ub": 11.0
        },
        "z1": {
            "value": 9.200099999999999,
            "lb": 5,
            "ub": 15
        },
        "z2": {
            "value": -9.200099999999999,
            "lb": -15,
            "ub": -3
        },
        "ri": {
            "value": 0.0,
            "lb": 0.0,
            "ub": 0.2
        },
        "ro": {
            "value": 0.8,
            "lb": 0.4,
            "ub": 2.001
        }
    },
    "oppvar": [
        "x2"
    ],
    "family": "P",
    "objective": "L",
    "n_TF": 12
}
