{
  "R_0": 8.9512,
  "a": 2.8875,
  "A": 3.1,
  "B_0": 4.9892,
  "n_TF": 18,
  "TF_ripple_limit": 0.6,
  "tk_bb_ib": 0.755,
  "tk_bb_ob": 1.275,
  "Z_eff": 2.2189,
  "T_e": 12.223,
  "T_i": 12.223,
  "q_95": 3.0,
  "kappa_95": 1.5899,
  "beta": 0.036352,
  "beta_p": 1.1274,
  "I_p": 18.426,
  "tk_vv_in": 0.3,
  "tk_vv_out": 0.8,
  "tk_vv_top": 0.3,
  "tk_vv_bot": 0.3,
  "tk_sh_in": 0.3,
  "tk_sh_out": 0.3,
  "tk_sh_top": 0.3,
  "tk_sh_bot": 0.3,
  "tk_cr_vv": 0.3,
  "g_vv_ts": 0.12,
  "g_cs_tf": 0.05,
  "g_ts_tf": 0.05,
  "g_vv_bb": 0.02,
  "tk_sol_ib": 0.225,
  "tk_sol_ob": 0.225,
  "r_tf_in": 3.072273,
  "r_ts_ib_in": 4.332,
  "r_vv_ib_in": 5.052,
  "r_fw_ib_in": 5.84,
  "r_fw_ob_in": 12.077,
  "r_vv_ob_in": 13.39,
  "tk_tf_nose": 0.36181,
  "tk_tf_wp": 0.67745,
  "tk_tf_ins": 0.013,
  "tk_tf_insgap": 0.01,
  "tk_tf_front_ib": 0.05,
  "tk_tf_side": 0.1,
  "tk_cs": 0.46209,
  "r_cs_in": 2.5036,
  "r_tf_in_centre": 3.649,
  "r_tf_out_centre": 15.954,
  "tk_ts": 0.05,
  "P_el_net": 500.0,
  "P_fus": 1932.0,
  "P_fus_DT": 1929.8,
  "P_fus_DD": 2.2734,
  "P_rad_core": 113.16,
  "P_rad": 266.85,
  "P_rad_edge": 153.69,
  "P_brehms": 64.861,
  "P_line": 187.59,
  "P_sync": 14.401,
  "P_sep": 152.17,
  "P_ohm": 0.88918,
  "P_hcd_ss": 50.0,
  "f_bs": 0.36326,
  "tau_e": 3.7074,
  "H_star": 1.1,
  "v_burn": 0.048257,
  "e_nbi": 1000.0,
  "eta_nb": 0.4,
  "sigma_tf_max": 550000000.0,
  "C_Ejima": 0.3,
  "e_mult": 1.269
}
