 {
  "Source": "Transporz output - Emiliano Fable, Nuclear Fusion, 2018",
  "R_0":    8.5753000000000004      ,
  "B_0":    6.1613998413085938      ,
  "P_fus":    1618.1648818577146      ,
  "P_sep":    144.35893811530792      ,
  "P_rad":    229.42891781485750      ,
  "P_rad_core":    53.217055587839567      ,
  "P_rad_edge":    176.21186222701800      ,
  "P_brehms":    39.444252480547981      ,
  "P_sync":    40.861552015783040      ,
  "P_line":    149.12311331852646      ,
  "P_ohm":   0.15479100733418791      ,
  "P_eaux":    24.999999999999954      ,
  "P_iaux":    24.999999999999954      ,
  "m_D_dot":    294.09080017535263      ,
  "m_T_dot":    294.09080017535263      ,
  "m_He_dot":    57.454187740490617      ,
  "q_div":    0.0000000000000000      ,
  "W_th":    1027.5469363620412      ,
  "tau_e":    3.2053666000295786      ,
  "H_star":    1.0000000000000064      ,
  "H":    1.0000000000000000      ,
  "beta_N":    2.4252840863377476      ,
  "f_bs":   0.34280858055427949      ,
  "f_ni":   0.46620600975660148      ,
  "V_loop":    1.5533677035628534E-002 ,
  "I_p":    18.667999267578125      ,
  "V_p":    2075.5362198595521      ,
  "q_sep":    4.5886262843156720      ,
  "c_He":    0.0000000000000000      ,
  "c_Xe":    0.0000000000000000      ,
  "c_Ar":    0.0000000000000000      ,
  "T_e_ped":    6.0000000000000000      ,
  "n_ped":    6.6007254631556975      ,
  "n_sep":    3.8827795753001997      ,
  "EQUIL_CHECK":    1.0000000000000000      ,
  "GLOBAL_CHECK":            1 ,
  "P_nbi":    50.000000000000000      ,
  "P_ech":    1.3262473693532952E-315 ,
  "q_heat":    0.0000000000000000      ,
  "q_cd":    0.0000000000000000      ,
  "q_control":    0.0000000000000000
 }
