{
    "R_0": 10.042,
    "a": 3.2393,
    "A": 3.1,
    "B_0": 5.0664,
    "n_TF": 18,
    "TF_ripple_limit": 0.6,
    "tk_bb_ib": 0.7,
    "tk_bb_ob": 1.1,
    "Z_eff": 2.3582,
    "T_e": 13.702,
    "T_i": 13.702,
    "q_95": 3.0,
    "kappa_95": 1.5899,
    "beta": 0.035123,
    "beta_p": 1.0893,
    "I_p": 20.991,
    "tk_vv_in": 0.3,
    "tk_vv_out": 0.8,
    "tk_vv_top": 0.3,
    "tk_vv_bot": 0.3,
    "tk_sh_in": 0.3,
    "tk_sh_out": 0.3,
    "tk_sh_top": 0.3,
    "tk_sh_bot": 0.3,
    "tk_cr_vv": 0.3,
    "g_vv_ts": 0.12,
    "g_cs_tf": 0.05,
    "g_ts_tf": 0.05,
    "g_vv_bb": 0.02,
    "tk_sol_ib": 0.225,
    "tk_sol_ob": 0.225,
    "r_tf_in": 3.875496,
    "r_ts_ib_in": 5.119,
    "r_vv_ib_in": 5.839,
    "r_fw_ib_in": 6.577,
    "r_fw_ob_in": 13.506,
    "r_vv_ob_in": 14.644,
    "tk_tf_nose": 0.42012,
    "tk_tf_wp": 0.59754,
    "tk_tf_ins": 0.013,
    "tk_tf_insgap": 0.01,
    "tk_tf_front_ib": 0.05,
    "tk_tf_side": 0.1,
    "tk_cs": 0.6985,
    "r_cs_in": 3.0819,
    "r_tf_in_centre": 4.4475,
    "r_tf_out_centre": 17.881,
    "tk_ts": 0.05,
    "P_el_net": 580.0,
    "P_fus": 2310.4,
    "P_fus_DT": 2307.5,
    "P_fus_DD": 2.9032,
    "P_rad_core": 143.07,
    "P_rad": 320.53,
    "P_rad_edge": 177.46,
    "P_brehms": 84.058,
    "P_line": 208.61,
    "P_sync": 27.862,
    "P_sep": 170.71,
    "P_ohm": 0.9361,
    "P_hcd_ss": 50.0,
    "f_bs": 0.35554,
    "tau_e": 4.6185,
    "H_star": 1.1,
    "v_burn": 0.044596,
    "e_nbi": 1000.0,
    "eta_nb": 0.3,
    "sigma_tf_max": 550000000.0,
    "C_Ejima": 0.4,
    "bb_e_mult": 1.269
}
