{
  "pulse_label": "std",
  "load_type": "active",
  "load_unit": "MW",
  "phase_order": ["dwl", "d2f", "ftt", "f2d"],
  "phase_timeseries": [[0.0, 600.0], [0.0, 190.0], [0.0, 7200.0], [0.0, 160.0]],
  "pulse_timeseries": [0.0, 600.0, 600.0, 790.0, 790.0, 7990.0, 7990.0, 8150.0],
  "phase_loads": {
    "dwl": {
      "tps_upkeep": [-12.2, -12.2],
      "ter_hcpb": [-3.0, -3.0],
      "pdc_upkeep": [-6.1, -6.1],
      "ppc_upkeep": [-3.5999999999999996, -3.5999999999999996],
      "cry_dist": [-101.8, -101.8],
      "ech_upkeep": [-6.0, -6.0],
      "nbi_upkeep": [-6.0, -6.0],
      "ich_upkeep": [-6.0, -6.0],
      "pht_vv": [-9.7, -9.7],
      "pht_vvps": [-2.3, -2.3],
      "pht_div_lim": [-19.5, -19.5],
      "pht_hcpb_peak": [-33.12, -33.12],
      "pcs_hirn": [-12.0, -12.0],
      "pcs_turb": [637.925, 637.925],
      "eps_upkeep": [-21.0, -21.0],
      "swy_peak": [-28.8, -28.8],
      "buildings": [-54.8, -54.8],
      "site": [-3.0999999999999996, -3.0999999999999996],
      "dist_h2o_sf6": [-90.89999999999999, -90.89999999999999],
      "rmt_rm": [-5.0, -5.0],
      "rmt_ass": [-4.6, -4.6],
      "rad_upkeep": [-3.0, -3.0]
    },
    "d2f": {
      "tps_upkeep": [-12.2, -12.2],
      "ter_hcpb": [-3.0, -3.0],
      "pdc_upkeep": [-6.1, -6.1],
      "ppc_upkeep": [-3.5999999999999996, -3.5999999999999996],
      "cry_dist": [-101.8, -101.8],
      "ech_upkeep": [-6.0, -6.0],
      "nbi_upkeep": [-6.0, -6.0],
      "ich_upkeep": [-6.0, -6.0],
      "pht_vv": [-9.7, -9.7],
      "pht_vvps": [-2.3, -2.3],
      "pht_div_lim": [-19.5, -19.5],
      "pht_hcpb_peak": [-33.12, -33.12],
      "pcs_hirn": [-12.0, -12.0],
      "pcs_turb": [637.925, 637.925],
      "eps_upkeep": [-21.0, -21.0],
      "swy_peak": [-28.8, -28.8],
      "buildings": [-54.8, -54.8],
      "site": [-3.0999999999999996, -3.0999999999999996],
      "dist_h2o_sf6": [-90.89999999999999, -90.89999999999999],
      "rmt_rm": [-5.0, -5.0],
      "rmt_ass": [-4.6, -4.6],
      "rad_upkeep": [-3.0, -3.0]
    },
    "ftt": {
      "tps_upkeep": [-12.2, -12.2],
      "ter_hcpb": [-3.0, -3.0],
      "pdc_upkeep": [-6.1, -6.1],
      "ppc_upkeep": [-3.5999999999999996, -3.5999999999999996],
      "cry_dist": [-101.8, -101.8],
      "ech_upkeep": [-6.0, -6.0],
      "nbi_upkeep": [-6.0, -6.0],
      "ich_upkeep": [-6.0, -6.0],
      "pht_vv": [-9.7, -9.7],
      "pht_vvps": [-2.3, -2.3],
      "pht_div_lim": [-19.5, -19.5],
      "pht_hcpb_peak": [-165.6, -165.6],
      "pcs_hirn": [-12.0, -12.0],
      "pcs_turb": [637.925, 637.925],
      "eps_peak": [-50.1, -50.1],
      "eps_upkeep": [-21.0, -21.0],
      "swy_peak": [-32.0, -32.0],
      "buildings": [-54.8, -54.8],
      "site": [-3.0999999999999996, -3.0999999999999996],
      "dist_h2o_sf6": [-90.89999999999999, -90.89999999999999],
      "rmt_rm": [-5.0, -5.0],
      "rmt_ass": [-4.6, -4.6],
      "rad_upkeep": [-3.0, -3.0]
    },
    "f2d": {
      "tps_upkeep": [-12.2, -12.2],
      "ter_hcpb": [-3.0, -3.0],
      "pdc_upkeep": [-6.1, -6.1],
      "ppc_upkeep": [-3.5999999999999996, -3.5999999999999996],
      "cry_dist": [-101.8, -101.8],
      "ech_upkeep": [-6.0, -6.0],
      "nbi_upkeep": [-6.0, -6.0],
      "ich_upkeep": [-6.0, -6.0],
      "pht_vv": [-9.7, -9.7],
      "pht_vvps": [-2.3, -2.3],
      "pht_div_lim": [-19.5, -19.5],
      "pht_hcpb_peak": [-33.12, -33.12],
      "pcs_hirn": [-12.0, -12.0],
      "pcs_turb": [637.925, 637.925],
      "eps_upkeep": [-21.0, -21.0],
      "swy_peak": [-28.8, -28.8],
      "buildings": [-54.8, -54.8],
      "site": [-3.0999999999999996, -3.0999999999999996],
      "dist_h2o_sf6": [-90.89999999999999, -90.89999999999999],
      "rmt_rm": [-5.0, -5.0],
      "rmt_ass": [-4.6, -4.6],
      "rad_upkeep": [-3.0, -3.0]
    }
  },
  "pulse_loads": {
    "buildings": [
      -54.8, -54.8, -54.8, -54.8, -54.8, -54.8, -54.8, -54.8, -54.8, -54.8,
      -54.8, -54.8, -54.8, -54.8
    ],
    "cry_dist": [
      -101.8, -101.8, -101.8, -101.8, -101.8, -101.8, -101.8, -101.8, -101.8,
      -101.8, -101.8, -101.8, -101.8, -101.8
    ],
    "dist_h2o_sf6": [
      -90.89999999999999, -90.89999999999999, -90.89999999999999,
      -90.89999999999999, -90.89999999999999, -90.89999999999999,
      -90.89999999999999, -90.89999999999999, -90.89999999999999,
      -90.89999999999999, -90.89999999999999, -90.89999999999999,
      -90.89999999999999, -90.89999999999999
    ],
    "ech_upkeep": [
      -6.0, -6.0, -6.0, -6.0, -6.0, -6.0, -6.0, -6.0, -6.0, -6.0, -6.0, -6.0,
      -6.0, -6.0
    ],
    "eps_peak": [
      0.0, 0.0, 0.0, 0.0, 0.0, 0.0, 0.0, -50.1, -50.1, -50.1, -50.1, 0.0, 0.0,
      0.0
    ],
    "eps_upkeep": [
      -21.0, -21.0, -21.0, -21.0, -21.0, -21.0, -21.0, -21.0, -21.0, -21.0,
      -21.0, -21.0, -21.0, -21.0
    ],
    "ich_upkeep": [
      -6.0, -6.0, -6.0, -6.0, -6.0, -6.0, -6.0, -6.0, -6.0, -6.0, -6.0, -6.0,
      -6.0, -6.0
    ],
    "nbi_upkeep": [
      -6.0, -6.0, -6.0, -6.0, -6.0, -6.0, -6.0, -6.0, -6.0, -6.0, -6.0, -6.0,
      -6.0, -6.0
    ],
    "pcs_hirn": [
      -12.0, -12.0, -12.0, -12.0, -12.0, -12.0, -12.0, -12.0, -12.0, -12.0,
      -12.0, -12.0, -12.0, -12.0
    ],
    "pcs_turb": [
      637.925, 637.925, 637.925, 637.925, 637.925, 637.925, 637.925, 637.925,
      637.925, 637.925, 637.925, 637.925, 637.925, 637.925
    ],
    "pdc_upkeep": [
      -6.1, -6.1, -6.1, -6.1, -6.1, -6.1, -6.1, -6.1, -6.1, -6.1, -6.1, -6.1,
      -6.1, -6.1
    ],
    "pht_div_lim": [
      -19.5, -19.5, -19.5, -19.5, -19.5, -19.5, -19.5, -19.5, -19.5, -19.5,
      -19.5, -19.5, -19.5, -19.5
    ],
    "pht_hcpb_peak": [
      -33.12, -33.12, -33.12, -33.12, -33.12, -33.12, -33.12, -165.6, -165.6,
      -165.6, -165.6, -33.12, -33.12, -33.12
    ],
    "pht_vv": [
      -9.7, -9.7, -9.7, -9.7, -9.7, -9.7, -9.7, -9.7, -9.7, -9.7, -9.7, -9.7,
      -9.7, -9.7
    ],
    "pht_vvps": [
      -2.3, -2.3, -2.3, -2.3, -2.3, -2.3, -2.3, -2.3, -2.3, -2.3, -2.3, -2.3,
      -2.3, -2.3
    ],
    "ppc_upkeep": [
      -3.5999999999999996, -3.5999999999999996, -3.5999999999999996,
      -3.5999999999999996, -3.5999999999999996, -3.5999999999999996,
      -3.5999999999999996, -3.5999999999999996, -3.5999999999999996,
      -3.5999999999999996, -3.5999999999999996, -3.5999999999999996,
      -3.5999999999999996, -3.5999999999999996
    ],
    "rad_upkeep": [
      -3.0, -3.0, -3.0, -3.0, -3.0, -3.0, -3.0, -3.0, -3.0, -3.0, -3.0, -3.0,
      -3.0, -3.0
    ],
    "rmt_ass": [
      -4.6, -4.6, -4.6, -4.6, -4.6, -4.6, -4.6, -4.6, -4.6, -4.6, -4.6, -4.6,
      -4.6, -4.6
    ],
    "rmt_rm": [
      -5.0, -5.0, -5.0, -5.0, -5.0, -5.0, -5.0, -5.0, -5.0, -5.0, -5.0, -5.0,
      -5.0, -5.0
    ],
    "site": [
      -3.0999999999999996, -3.0999999999999996, -3.0999999999999996,
      -3.0999999999999996, -3.0999999999999996, -3.0999999999999996,
      -3.0999999999999996, -3.0999999999999996, -3.0999999999999996,
      -3.0999999999999996, -3.0999999999999996, -3.0999999999999996,
      -3.0999999999999996, -3.0999999999999996
    ],
    "swy_peak": [
      -28.8, -28.8, -28.8, -28.8, -28.8, -28.8, -28.8, -32.0, -32.0, -32.0,
      -32.0, -28.8, -28.8, -28.8
    ],
    "ter_hcpb": [
      -3.0, -3.0, -3.0, -3.0, -3.0, -3.0, -3.0, -3.0, -3.0, -3.0, -3.0, -3.0,
      -3.0, -3.0
    ],
    "tps_upkeep": [
      -12.2, -12.2, -12.2, -12.2, -12.2, -12.2, -12.2, -12.2, -12.2, -12.2,
      -12.2, -12.2, -12.2, -12.2
    ]
  },
  "phase_total": {
    "dwl": [205.40499999999994, 205.40499999999994],
    "d2f": [205.40499999999994, 205.40499999999994],
    "ftt": [19.62500000000002, 19.62500000000002],
    "f2d": [205.40499999999994, 205.40499999999994]
  },
  "pulse_total": [
    205.4049999999999, 205.4049999999999, 205.4049999999999, 205.4049999999999,
    205.4049999999999, 205.4049999999999, 205.4049999999999, 19.624999999999932,
    19.624999999999932, 19.624999999999932, 19.624999999999932,
    205.4049999999999, 205.4049999999999, 205.4049999999999
  ]
}
