{
    "xo": {
        "x1": {
            "value": 4.330017659368612,
            "lb": 4.180000000000001,
            "ub": 4.78
        },
        "x2": {
            "value": 16.027163658460207,
            "lb": 9,
            "ub": 18
        },
        "dz": {
            "value": 0.35028264293554,
            "lb": -0.9,
            "ub": 0.9
        }
    },
    "oppvar": [
        "x1",
        "x2",
        "dz"
    ],
    "family": "D",
    "objective": "L",
    "n_TF": 16
}
