{
    "xo": {
        "x1": {
            "value": 4.330017659389565,
            "lb": 4,
            "ub": 5
        },
        "x2": {
            "value": 15.772921129696726,
            "lb": 14,
            "ub": 20
        },
        "r": {
            "value": 2.0001262280964776,
            "lb": 1.999,
            "ub": 2.001
        },
        "z1": {
            "value": 6.8254932084335085,
            "lb": 4.0,
            "ub": 15
        },
        "z2": {
            "value": -8.434025714280688,
            "lb": -15,
            "ub": -6
        }
    },
    "oppvar": [
        "x1",
        "x2",
        "r",
        "z1",
        "z2"
    ],
    "family": "P",
    "objective": "L",
    "n_TF": 16
}
