{
    "xo": {
        "x1": {
            "value": 4.298689991444086,
            "lb": 4.180000000000001,
            "ub": 4.78
        },
        "x2": {
            "value": 15.968485684864842,
            "lb": 10,
            "ub": 25
        },
        "z2": {
            "value": -0.1418247665165625,
            "lb": -0.9,
            "ub": 0.9
        },
        "height": {
            "value": 15.43485289113199,
            "lb": 0.1,
            "ub": 30
        },
        "top": {
            "value": 0.35385273364409225,
            "lb": 0.05,
            "ub": 1
        },
        "upper": {
            "value": 0.5351456609331382,
            "lb": 0.2,
            "ub": 1
        },
        "dz": {
            "value": -0.7262739305048163,
            "lb": -5,
            "ub": 5
        },
        "flat": {
            "value": 0.03744318144722671,
            "lb": 0,
            "ub": 0.8
        },
        "tilt": {
            "value": 18.039337980952617,
            "lb": -45,
            "ub": 45
        },
        "bottom": {
            "value": 0.37404312978769816,
            "lb": 0.1,
            "ub": 1
        },
        "lower": {
            "value": 0.5797833629360863,
            "lb": 0.1,
            "ub": 1
        },
        "l0s": {
            "value": 1.1123855102445506,
            "lb": 0.05,
            "ub": 1.9
        },
        "l0e": {
            "value": 0.43806663164273546,
            "lb": 0.05,
            "ub": 1.9
        },
        "l1s": {
            "value": 1.232330769417881,
            "lb": 0.05,
            "ub": 1.9
        },
        "l1e": {
            "value": 0.47795794998853597,
            "lb": 0.05,
            "ub": 1.9
        },
        "l2s": {
            "value": 0.6082106816344137,
            "lb": 0.05,
            "ub": 1.9
        },
        "l2e": {
            "value": 0.17928931232542866,
            "lb": 0.05,
            "ub": 1.9
        },
        "l3s": {
            "value": 0.6419914238176491,
            "lb": 0.05,
            "ub": 1.9
        },
        "l3e": {
            "value": 0.6290573611771101,
            "lb": 0.05,
            "ub": 1.9
        }
    },
    "oppvar": [
        "x1",
        "x2",
        "z2",
        "height",
        "top",
        "upper",
        "dz",
        "flat",
        "tilt",
        "bottom",
        "lower",
        "l0s",
        "l0e",
        "l1s",
        "l1e",
        "l2s",
        "l2e",
        "l3s",
        "l3e"
    ],
    "symmetric": false,
    "tension": "full",
    "family": "S",
    "objective": "L",
    "n_TF": 16
}
