{
    "xo": {
        "x1": {
            "value": 4.330014939471119,
            "lb": 4,
            "ub": 5
        },
        "x2": {
            "value": 15.754531690370827,
            "lb": 14,
            "ub": 20
        },
        "r": {
            "value": 1.9990841327760394,
            "lb": 1.999,
            "ub": 2.001
        },
        "z1": {
            "value": 8.000000000026724,
            "lb": 8,
            "ub": 15
        },
        "z2": {
            "value": -8.461158979379949,
            "lb": -15,
            "ub": -6
        }
    },
    "oppvar": [
        "x1",
        "x2",
        "r",
        "z1",
        "z2"
    ],
    "family": "P",
    "objective": "L",
    "n_TF": 16
}
