{
  "x": [
    4.031652138739621, 4.031652138739682, 4.031652138773026, 4.031652144033342,
    4.031652505900638, 4.031665255781087, 4.031913923942016, 4.034694243489238,
    4.0528379359199045, 4.12389600120185, 4.297357280821292, 4.567632997483181,
    4.926329181341664, 5.347709627718465, 5.814557650238611, 6.3183914823418945,
    6.853922706053074, 7.417784401128326, 8.006372310399094, 8.614075581070784,
    9.21260231197663, 9.769887523363076, 10.303189597103998, 10.823361315598575,
    11.33248093266582, 11.831786745854, 12.32113518390154, 12.79987081134187,
    13.266838840069845, 13.720759095395346, 14.160174361920957,
    14.58349718684469, 14.988348520631172, 15.37178313867298,
    15.730184660691428, 16.059156958650522, 16.3534403528186, 16.60688863189734,
    16.812518355458575, 16.96242633371406, 17.04742512994686, 17.06634005243141,
    17.050022995558106, 17.01330657241771, 16.904705747796616,
    16.73143957799159, 16.494182618849017, 16.194643336753916,
    15.840053993212761, 15.436889350402392, 14.99267858091997,
    14.51442758191115, 14.006884967397278, 13.476807225517739,
    12.929055392375096, 12.367151418945223, 11.794038934847313,
    11.211965208093646, 10.622677264607978, 10.027178434815191,
    9.42702298204256, 8.82321930027911, 8.216252982496261, 7.606769863593673,
    6.9966825663027725, 6.412376138903344, 5.885093967059019, 5.424005998991466,
    5.027800560440558, 4.695010009051359, 4.429243408738265, 4.210180009583314,
    4.083196697745709, 4.040825506696158, 4.032597802803919, 4.031705935928547,
    4.031653736992387, 4.031652160836279, 4.031652138844525, 4.031652138739621
  ],
  "y": [
    0.0, 0.0, 0.0, 0.0, 0.0, 0.0, 0.0, 0.0, 0.0, 0.0, 0.0, 0.0, 0.0, 0.0, 0.0,
    0.0, 0.0, 0.0, 0.0, 0.0, 0.0, 0.0, 0.0, 0.0, 0.0, 0.0, 0.0, 0.0, 0.0, 0.0,
    0.0, 0.0, 0.0, 0.0, 0.0, 0.0, 0.0, 0.0, 0.0, 0.0, 0.0, 0.0, 0.0, 0.0, 0.0,
    0.0, 0.0, 0.0, 0.0, 0.0, 0.0, 0.0, 0.0, 0.0, 0.0, 0.0, 0.0, 0.0, 0.0, 0.0,
    0.0, 0.0, 0.0, 0.0, 0.0, 0.0, 0.0, 0.0, 0.0, 0.0, 0.0, 0.0, 0.0, 0.0, 0.0,
    0.0, 0.0, 0.0, 0.0, 0.0
  ],
  "z": [
    0.0206748299100486, -0.5902585422672125, -1.2011919144427616,
    -1.8121252866183106, -2.423058658792685, -3.033992030109084,
    -3.644925209698896, -4.255844212657935, -4.8663804924102285,
    -5.472630284348657, -6.057958544373343, -6.605458865062299,
    -7.099789449756404, -7.54200994404221, -7.935967643633336,
    -8.281382520853064, -8.575260880076804, -8.810237292962974,
    -8.973727516681922, -9.036467615922515, -8.91562908463602,
    -8.666502719800237, -8.368642290728095, -8.048271567695096,
    -7.71059852234102, -7.358568716687368, -6.992821075666874,
    -6.613286096005148, -6.219361363942279, -5.810467905428164,
    -5.386025641455048, -4.945535685592876, -4.488015884878026,
    -4.012410319624777, -3.517675060209675, -3.0029114188683135,
    -2.467570856270722, -1.9117443794313707, -1.336520278826723,
    -0.744334975534017, -0.13940094465327635, 0.47122416359516,
    1.081933802066052, 1.6916787503000668, 2.292825341403692, 2.878627280884319,
    3.4415758792529196, 3.974021807938447, 4.471517866249548, 4.930536227565708,
    5.3499549766442, 5.730097750856409, 6.070145221721427, 6.373875425318877,
    6.6444386146595855, 6.8842295152710085, 7.095832280009667,
    7.281364187007782, 7.442512539520446, 7.578931453319195, 7.693130221561446,
    7.78610245345057, 7.8554222843541694, 7.896069121136377, 7.877085772851016,
    7.69896773955564, 7.39040154488597, 6.9897814831690885, 6.524933983142584,
    6.01276689344731, 5.462848636144675, 4.892619593965238, 4.295353866567082,
    3.6861778175422133, 3.075339744415336, 2.4644083062606006,
    1.8534749464168665, 1.2425415742628512, 0.6316082020873082,
    0.0206748299100486
  ]
}
