{
  "x1": {
    "value": 5.991772247365828,
    "lower_bound": 4.013651999999998,
    "upper_bound": 6.615017199999998,
    "fixed": false
  },
  "x2": {
    "value": 12.02045605566786,
    "lower_bound": 11.164726799999999,
    "upper_bound": 14.405251999999997,
    "fixed": false
  },
  "z2": {
    "value": -0.17998961371191735,
    "lower_bound": -0.9,
    "upper_bound": 0.9,
    "fixed": false
  },
  "height": {
    "value": 12.647596672069362,
    "lower_bound": 9.978501022337937,
    "upper_bound": 50,
    "fixed": false
  },
  "top": {
    "value": 0.2798633077580462,
    "lower_bound": 0.05,
    "upper_bound": 0.75,
    "fixed": false
  },
  "upper": {
    "value": 0.3014524113727305,
    "lower_bound": 0.2,
    "upper_bound": 0.7,
    "fixed": false
  },
  "dz": {
    "value": -0.5022951108047202,
    "lower_bound": -5,
    "upper_bound": 5,
    "fixed": false
  },
  "flat": {
    "value": 0,
    "lower_bound": 0,
    "upper_bound": 1,
    "fixed": true
  },
  "tilt": {
    "value": 14.122371652486443,
    "lower_bound": -25,
    "upper_bound": 25,
    "fixed": false
  },
  "bottom": {
    "value": 0.46476179499689796,
    "lower_bound": 0.05,
    "upper_bound": 0.75,
    "fixed": false
  },
  "lower": {
    "value": 0.20000000000316268,
    "lower_bound": 0.2,
    "upper_bound": 0.7,
    "fixed": false
  },
  "l0s": {
    "value": 0.10000000000449571,
    "lower_bound": 0.1,
    "upper_bound": 1.9,
    "fixed": false
  },
  "l1s": {
    "value": 0.2526832697587338,
    "lower_bound": 0.1,
    "upper_bound": 1.9,
    "fixed": false
  },
  "l2s": {
    "value": 0.3174966787192925,
    "lower_bound": 0.1,
    "upper_bound": 1.9,
    "fixed": false
  },
  "l3s": {
    "value": 0.8957854716159912,
    "lower_bound": 0.1,
    "upper_bound": 1.9,
    "fixed": false
  },
  "l0e": {
    "value": 0.3975829693108467,
    "lower_bound": 0.1,
    "upper_bound": 1.9,
    "fixed": false
  },
  "l1e": {
    "value": 1.3101236903987508,
    "lower_bound": 0.1,
    "upper_bound": 1.9,
    "fixed": false
  },
  "l2e": {
    "value": 0.2239867857298663,
    "lower_bound": 0.1,
    "upper_bound": 1.9,
    "fixed": false
  },
  "l3e": {
    "value": 0.10000000000852097,
    "lower_bound": 0.1,
    "upper_bound": 1.9,
    "fixed": false
  }
}
