{
  "x1": {
    "value": 6.043756800518498,
    "lower_bound": 4.013651999999998,
    "upper_bound": 6.615017199999998,
    "fixed": false
  },
  "x2": {
    "value": 12.267242603268365,
    "lower_bound": 11.164726799999999,
    "upper_bound": 14.405251999999997,
    "fixed": false
  },
  "z2": {
    "value": -0.06977976296429456,
    "lower_bound": -0.9,
    "upper_bound": 0.9,
    "fixed": false
  },
  "height": {
    "value": 12.293697714116096,
    "lower_bound": 9.51033160557248,
    "upper_bound": 50,
    "fixed": false
  },
  "top": {
    "value": 0.28458149458261217,
    "lower_bound": 0.05,
    "upper_bound": 0.75,
    "fixed": false
  },
  "upper": {
    "value": 0.30169231558511744,
    "lower_bound": 0.2,
    "upper_bound": 0.7,
    "fixed": false
  },
  "dz": {
    "value": -0.5495602055634743,
    "lower_bound": -5,
    "upper_bound": 5,
    "fixed": false
  },
  "flat": {
    "value": 0,
    "lower_bound": 0,
    "upper_bound": 1,
    "fixed": true
  },
  "tilt": {
    "value": 8.867253771044318,
    "lower_bound": -25,
    "upper_bound": 25,
    "fixed": false
  },
  "bottom": {
    "value": 0.425312515033269,
    "lower_bound": 0.05,
    "upper_bound": 0.75,
    "fixed": false
  },
  "lower": {
    "value": 0.2,
    "lower_bound": 0.2,
    "upper_bound": 0.7,
    "fixed": false
  },
  "l0s": {
    "value": 0.1,
    "lower_bound": 0.1,
    "upper_bound": 1.9,
    "fixed": false
  },
  "l1s": {
    "value": 0.39914451432650433,
    "lower_bound": 0.1,
    "upper_bound": 1.9,
    "fixed": false
  },
  "l2s": {
    "value": 0.3957063903761481,
    "lower_bound": 0.1,
    "upper_bound": 1.9,
    "fixed": false
  },
  "l3s": {
    "value": 0.2940717556811232,
    "lower_bound": 0.1,
    "upper_bound": 1.9,
    "fixed": false
  },
  "l0e": {
    "value": 0.7143270230996974,
    "lower_bound": 0.1,
    "upper_bound": 1.9,
    "fixed": false
  },
  "l1e": {
    "value": 1.0881696292702772,
    "lower_bound": 0.1,
    "upper_bound": 1.9,
    "fixed": false
  },
  "l2e": {
    "value": 0.11503437589078883,
    "lower_bound": 0.1,
    "upper_bound": 1.9,
    "fixed": false
  },
  "l3e": {
    "value": 1.772315129728419,
    "lower_bound": 0.1,
    "upper_bound": 1.9,
    "fixed": false
  }
}
