{
    "x1": {
        "value": 5.991770604892468,
        "lower_bound": 4.054617999999998,
        "upper_bound": 6.660079799999998,
        "fixed": false
    },
    "x2": {
        "value": 12.018716525627086,
        "lower_bound": 11.236696199999999,
        "upper_bound": 14.485217999999998,
        "fixed": false
    },
    "z2": {
        "value": -0.18082347123163078,
        "lower_bound": -0.9,
        "upper_bound": 0.9,
        "fixed": false
    },
    "height": {
        "value": 12.647191031543882,
        "lower_bound": 10.044059392700222,
        "upper_bound": 50,
        "fixed": false
    },
    "top": {
        "value": 0.27977834887509856,
        "lower_bound": 0.05,
        "upper_bound": 0.75,
        "fixed": false
    },
    "upper": {
        "value": 0.30156086355068085,
        "lower_bound": 0.2,
        "upper_bound": 0.7,
        "fixed": false
    },
    "dz": {
        "value": -0.5026443845762749,
        "lower_bound": -5,
        "upper_bound": 5,
        "fixed": false
    },
    "flat": {
        "value": 0,
        "lower_bound": 0,
        "upper_bound": 1,
        "fixed": true
    },
    "tilt": {
        "value": 14.181730681764527,
        "lower_bound": -25,
        "upper_bound": 25,
        "fixed": false
    },
    "bottom": {
        "value": 0.46477138099847354,
        "lower_bound": 0.05,
        "upper_bound": 0.75,
        "fixed": false
    },
    "lower": {
        "value": 0.2,
        "lower_bound": 0.2,
        "upper_bound": 0.7,
        "fixed": false
    },
    "l0s": {
        "value": 0.10000000004047818,
        "lower_bound": 0.1,
        "upper_bound": 1.9,
        "fixed": false
    },
    "l1s": {
        "value": 0.2590338669350777,
        "lower_bound": 0.1,
        "upper_bound": 1.9,
        "fixed": false
    },
    "l2s": {
        "value": 0.3147468198557427,
        "lower_bound": 0.1,
        "upper_bound": 1.9,
        "fixed": false
    },
    "l3s": {
        "value": 0.8951800233770865,
        "lower_bound": 0.1,
        "upper_bound": 1.9,
        "fixed": false
    },
    "l0e": {
        "value": 0.39698662411585073,
        "lower_bound": 0.1,
        "upper_bound": 1.9,
        "fixed": false
    },
    "l1e": {
        "value": 1.3055279582997725,
        "lower_bound": 0.1,
        "upper_bound": 1.9,
        "fixed": false
    },
    "l2e": {
        "value": 0.22525311211128313,
        "lower_bound": 0.1,
        "upper_bound": 1.9,
        "fixed": false
    },
    "l3e": {
        "value": 0.1,
        "lower_bound": 0.1,
        "upper_bound": 1.9,
        "fixed": false
    }
}
