{
  "x1": {
    "value": 6.043759311940164,
    "lower_bound": 4.013651999999998,
    "upper_bound": 6.615017199999998,
    "fixed": false
  },
  "x2": {
    "value": 12.26462375351066,
    "lower_bound": 11.164726799999999,
    "upper_bound": 14.405251999999997,
    "fixed": false
  },
  "z2": {
    "value": -0.07113916387621011,
    "lower_bound": -0.9,
    "upper_bound": 0.9,
    "fixed": false
  },
  "height": {
    "value": 12.293810866108856,
    "lower_bound": 9.510331605815864,
    "upper_bound": 50,
    "fixed": false
  },
  "top": {
    "value": 0.2846724402797929,
    "lower_bound": 0.05,
    "upper_bound": 0.75,
    "fixed": false
  },
  "upper": {
    "value": 0.3016206585680829,
    "lower_bound": 0.2,
    "upper_bound": 0.7,
    "fixed": false
  },
  "dz": {
    "value": -0.5496290259608028,
    "lower_bound": -5,
    "upper_bound": 5,
    "fixed": false
  },
  "flat": {
    "value": 0,
    "lower_bound": 0,
    "upper_bound": 1,
    "fixed": true
  },
  "tilt": {
    "value": 9.026692330694488,
    "lower_bound": -25,
    "upper_bound": 25,
    "fixed": false
  },
  "bottom": {
    "value": 0.42561378225264274,
    "lower_bound": 0.05,
    "upper_bound": 0.75,
    "fixed": false
  },
  "lower": {
    "value": 0.20000142425284473,
    "lower_bound": 0.2,
    "upper_bound": 0.7,
    "fixed": false
  },
  "l0s": {
    "value": 0.10000287151985349,
    "lower_bound": 0.1,
    "upper_bound": 1.9,
    "fixed": false
  },
  "l1s": {
    "value": 0.4010193598956525,
    "lower_bound": 0.1,
    "upper_bound": 1.9,
    "fixed": false
  },
  "l2s": {
    "value": 0.39734035224835895,
    "lower_bound": 0.1,
    "upper_bound": 1.9,
    "fixed": false
  },
  "l3s": {
    "value": 0.3009084945831763,
    "lower_bound": 0.1,
    "upper_bound": 1.9,
    "fixed": false
  },
  "l0e": {
    "value": 0.7141437538853469,
    "lower_bound": 0.1,
    "upper_bound": 1.9,
    "fixed": false
  },
  "l1e": {
    "value": 1.0862226986598773,
    "lower_bound": 0.1,
    "upper_bound": 1.9,
    "fixed": false
  },
  "l2e": {
    "value": 0.11400216658924289,
    "lower_bound": 0.1,
    "upper_bound": 1.9,
    "fixed": false
  },
  "l3e": {
    "value": 1.7651589910076737,
    "lower_bound": 0.1,
    "upper_bound": 1.9,
    "fixed": false
  }
}
