{
    "x1": {
        "value": 6.038571396055962,
        "lower_bound": 4.013651999999998,
        "upper_bound": 6.615017199999998,
        "fixed": false
    },
    "x2": {
        "value": 12.056870965542245,
        "lower_bound": 11.164726799999999,
        "upper_bound": 14.405251999999997,
        "fixed": false
    },
    "z2": {
        "value": -0.1952171427741044,
        "lower_bound": -0.9,
        "upper_bound": 0.9,
        "fixed": false
    },
    "height": {
        "value": 12.179404033856557,
        "lower_bound": 9.539453371458363,
        "upper_bound": 50,
        "fixed": false
    },
    "top": {
        "value": 0.29089229085451107,
        "lower_bound": 0.05,
        "upper_bound": 0.75,
        "fixed": false
    },
    "upper": {
        "value": 0.33243023822256634,
        "lower_bound": 0.2,
        "upper_bound": 0.7,
        "fixed": false
    },
    "dz": {
        "value": -0.49607054424834285,
        "lower_bound": -5,
        "upper_bound": 5,
        "fixed": false
    },
    "flat": {
        "value": 0,
        "lower_bound": 0,
        "upper_bound": 1,
        "fixed": true
    },
    "tilt": {
        "value": 18.11928877463272,
        "lower_bound": -25,
        "upper_bound": 25,
        "fixed": false
    },
    "bottom": {
        "value": 0.45536495920817943,
        "lower_bound": 0.05,
        "upper_bound": 0.75,
        "fixed": false
    },
    "lower": {
        "value": 0.20000191245361768,
        "lower_bound": 0.2,
        "upper_bound": 0.7,
        "fixed": false
    },
    "l0s": {
        "value": 0.10000536065735452,
        "lower_bound": 0.1,
        "upper_bound": 1.9,
        "fixed": false
    },
    "l1s": {
        "value": 0.516475835367425,
        "lower_bound": 0.1,
        "upper_bound": 1.9,
        "fixed": false
    },
    "l2s": {
        "value": 0.22134249840185855,
        "lower_bound": 0.1,
        "upper_bound": 1.9,
        "fixed": false
    },
    "l3s": {
        "value": 0.607861108018916,
        "lower_bound": 0.1,
        "upper_bound": 1.9,
        "fixed": false
    },
    "l0e": {
        "value": 0.6980295680713737,
        "lower_bound": 0.1,
        "upper_bound": 1.9,
        "fixed": false
    },
    "l1e": {
        "value": 1.009866154465889,
        "lower_bound": 0.1,
        "upper_bound": 1.9,
        "fixed": false
    },
    "l2e": {
        "value": 0.1001670066638537,
        "lower_bound": 0.1,
        "upper_bound": 1.9,
        "fixed": false
    },
    "l3e": {
        "value": 1.517723327626687,
        "lower_bound": 0.1,
        "upper_bound": 1.9,
        "fixed": false
    }
}
