{
    "x1": {
        "value": 6.074567308032209,
        "lower_bound": 4.050023999999998,
        "upper_bound": 6.655026399999998,
        "fixed": false
    },
    "x2": {
        "value": 12.203464758663088,
        "lower_bound": 11.228601599999998,
        "upper_bound": 14.476223999999997,
        "fixed": false
    },
    "z2": {
        "value": -0.16066891168399866,
        "lower_bound": -0.9,
        "upper_bound": 0.9,
        "fixed": false
    },
    "height": {
        "value": 12.244410639896127,
        "lower_bound": 9.595005304437942,
        "upper_bound": 50,
        "fixed": false
    },
    "top": {
        "value": 0.2858595155358626,
        "lower_bound": 0.05,
        "upper_bound": 0.75,
        "fixed": false
    },
    "upper": {
        "value": 0.33331133708937005,
        "lower_bound": 0.2,
        "upper_bound": 0.7,
        "fixed": false
    },
    "dz": {
        "value": -0.4919571386821424,
        "lower_bound": -5,
        "upper_bound": 5,
        "fixed": false
    },
    "flat": {
        "value": 0,
        "lower_bound": 0,
        "upper_bound": 1,
        "fixed": true
    },
    "tilt": {
        "value": 15.314902469992134,
        "lower_bound": -25,
        "upper_bound": 25,
        "fixed": false
    },
    "bottom": {
        "value": 0.4477945301331297,
        "lower_bound": 0.05,
        "upper_bound": 0.75,
        "fixed": false
    },
    "lower": {
        "value": 0.20004297688996747,
        "lower_bound": 0.2,
        "upper_bound": 0.7,
        "fixed": false
    },
    "l0s": {
        "value": 0.10009769430958673,
        "lower_bound": 0.1,
        "upper_bound": 1.9,
        "fixed": false
    },
    "l1s": {
        "value": 0.5007647013410069,
        "lower_bound": 0.1,
        "upper_bound": 1.9,
        "fixed": false
    },
    "l2s": {
        "value": 0.2973800387645039,
        "lower_bound": 0.1,
        "upper_bound": 1.9,
        "fixed": false
    },
    "l3s": {
        "value": 0.5458065152577903,
        "lower_bound": 0.1,
        "upper_bound": 1.9,
        "fixed": false
    },
    "l0e": {
        "value": 0.691867185423924,
        "lower_bound": 0.1,
        "upper_bound": 1.9,
        "fixed": false
    },
    "l1e": {
        "value": 1.0126976392421974,
        "lower_bound": 0.1,
        "upper_bound": 1.9,
        "fixed": false
    },
    "l2e": {
        "value": 0.10003481915107716,
        "lower_bound": 0.1,
        "upper_bound": 1.9,
        "fixed": false
    },
    "l3e": {
        "value": 1.5829228380409535,
        "lower_bound": 0.1,
        "upper_bound": 1.9,
        "fixed": false
    }
}
