{
  "A": 3.1,
  "B_0": 5.2742,
  "B_tf_peak": 12,
  "C_Ejima": 0.3,
  "H_star": 1.1,
  "I_p": 17.993e6,
  "P_bd_in": 50.0,
  "P_brehms": 59.668,
  "P_el_net": 500,
  "P_el_net_process": 500.0,
  "P_fus": 1994.6,
  "P_fus_DD": 2.4746,
  "P_fus_DT": 1992.1,
  "P_hcd_ss": 50,
  "P_line": 175.91,
  "P_rad": 258.06,
  "P_rad_core": 103.72,
  "P_rad_edge": 154.35,
  "P_sep": 172.62,
  "P_sync": 22.49,
  "R_0": 9.1207,
  "TF_E_stored": 148.7,
  "TF_currpt_ob": 66812.0,
  "TF_res_bus": 0.0,
  "TF_res_tot": 0.0,
  "TF_respc_ob": 0.0,
  "TF_ripple_limit": 0.6,
  "T_e": 13,
  "V_p": 2400,
  "Z_eff": 2.2,
  "e_mult": 1.35,
  "beta": 0.030673,
  "beta_p": 1.2071,
  "condrad_cryo_heat": 0.0,
  "delta": 0.5,
  "delta_95": 0.33333,
  "e_nbi": 1000,
  "eta_nb": 0.4,
  "f_bs": 0.38464,
  "f_ni": 0.1,
  "g_cs_tf": 0.05,
  "g_ts_tf": 0.05,
  "g_vv_bb": 0.02,
  "g_vv_ts": 0.02,
  "h_cp_top": 6.0,
  "h_tf_max_in": 6.5,
  "kappa": 1.848,
  "kappa_95": 1.65,
  "l_i": 0.8,
  "n_TF": 18,
  "q_95": 3.5,
  "r_cp_top": 0.0,
  "r_cs_in": 2.4038,
  "r_fw_ib_in": 5.953486999999998,
  "r_fw_ob_in": 12.287686999999996,
  "r_tf_in": 3.328287,
  "r_tf_in_centre": 3.8844,
  "r_tf_inboard_out": 0.6265,
  "r_tf_out_centre": 16.255,
  "r_ts_ib_in": 4.540487,
  "r_vv_ib_in": 5.160486999999999,
  "r_vv_ob_in": 13.600686999999997,
  "sigma_tf_case_max": 550000000.0,
  "sigma_tf_wp_max": 550000000.0,
  "tau_e": 3.618,
  "tau_flattop": 6900,
  "tf_wp_depth": 1.1491,
  "tf_wp_width": 0.48747,
  "tk_bb_ib": 0.755,
  "tk_bb_ob": 1.275,
  "tk_cr_vv": 0.3,
  "tk_cs": 0.81949,
  "tk_fw_in": 0.018,
  "tk_fw_out": 0.018,
  "tk_sh_bot": 0.3,
  "tk_sh_in": 0.3,
  "tk_sh_out": 0.3,
  "tk_sh_top": 0.3,
  "tk_sol_ib": 0.225,
  "tk_sol_ob": 0.225,
  "tk_tf_front_ib": 0.04,
  "tk_tf_inboard": 1.1122,
  "tk_tf_ins": 0.008,
  "tk_tf_insgap": 0.01,
  "tk_tf_nose": 0.49731,
  "tk_tf_outboard": 1,
  "tk_tf_side": 0.1,
  "tk_ts": 0.05,
  "tk_vv_bot": 0.3,
  "tk_vv_in": 0.3,
  "tk_vv_out": 0.8,
  "tk_vv_top": 0.3,
  "v_burn": 0.032175
}
