{
    "x1": {
        "value": 4.0872459999999995,
        "lower_bound": 4,
        "upper_bound": 5,
        "fixed": true
    },
    "dz": {
        "value": -0.37468905166459276,
        "lower_bound": -1,
        "upper_bound": 1,
        "fixed": false
    },
    "sl": {
        "value": 5.0000000000258416,
        "lower_bound": 5,
        "upper_bound": 10,
        "fixed": false
    },
    "f1": {
        "value": 7.396639890288211,
        "lower_bound": 2,
        "upper_bound": 12,
        "fixed": false
    },
    "f2": {
        "value": 3.9815988615160465,
        "lower_bound": 2,
        "upper_bound": 12,
        "fixed": false
    },
    "a1": {
        "value": 32.65451403998058,
        "lower_bound": 5,
        "upper_bound": 120,
        "fixed": false
    },
    "a2": {
        "value": 60.376457244891895,
        "lower_bound": 10,
        "upper_bound": 120,
        "fixed": false
    }
}
