{
    "x1": {
        "value": 4.105036999999999,
        "lower_bound": 4,
        "upper_bound": 5,
        "fixed": true
    },
    "dz": {
        "value": -0.3121790258409872,
        "lower_bound": -1,
        "upper_bound": 1,
        "fixed": false
    },
    "sl": {
        "value": 6.657042999192838,
        "lower_bound": 5,
        "upper_bound": 10,
        "fixed": false
    },
    "f1": {
        "value": 4.9226129040423405,
        "lower_bound": 2,
        "upper_bound": 12,
        "fixed": false
    },
    "f2": {
        "value": 5.295756121980762,
        "lower_bound": 2,
        "upper_bound": 12,
        "fixed": false
    },
    "a1": {
        "value": 5.0012516241282094,
        "lower_bound": 5,
        "upper_bound": 120,
        "fixed": false
    },
    "a2": {
        "value": 97.57693181369945,
        "lower_bound": 10,
        "upper_bound": 120,
        "fixed": false
    }
}
