{
  "x1": {
    "value": 4.0872459999999995,
    "lower_bound": 4,
    "upper_bound": 5,
    "fixed": true
  },
  "dz": {
    "value": -0.37884119133457583,
    "lower_bound": -1,
    "upper_bound": 1,
    "fixed": false
  },
  "sl": {
    "value": 5.440880953508584,
    "lower_bound": 5,
    "upper_bound": 10,
    "fixed": false
  },
  "f1": {
    "value": 7.09622941202082,
    "lower_bound": 2,
    "upper_bound": 12,
    "fixed": false
  },
  "f2": {
    "value": 4.019773232787143,
    "lower_bound": 2,
    "upper_bound": 12,
    "fixed": false
  },
  "a1": {
    "value": 32.32639268675911,
    "lower_bound": 5,
    "upper_bound": 120,
    "fixed": false
  },
  "a2": {
    "value": 63.057931543702075,
    "lower_bound": 10,
    "upper_bound": 120,
    "fixed": false
  }
}
