{
    "x1": {
        "value": 4.0872459999999995,
        "lower_bound": 4,
        "upper_bound": 5,
        "fixed": true
    },
    "dz": {
        "value": -0.3502727757335157,
        "lower_bound": -1,
        "upper_bound": 1,
        "fixed": false
    },
    "sl": {
        "value": 5.004162864685208,
        "lower_bound": 5,
        "upper_bound": 10,
        "fixed": false
    },
    "f1": {
        "value": 7.473534984954189,
        "lower_bound": 2,
        "upper_bound": 12,
        "fixed": false
    },
    "f2": {
        "value": 3.9791257366922377,
        "lower_bound": 2,
        "upper_bound": 12,
        "fixed": false
    },
    "a1": {
        "value": 32.27763646006771,
        "lower_bound": 5,
        "upper_bound": 120,
        "fixed": false
    },
    "a2": {
        "value": 62.998297387909275,
        "lower_bound": 10,
        "upper_bound": 120,
        "fixed": false
    }
}
