{
    "x1": {
        "value": 4.0872459999999995,
        "lower_bound": 4,
        "upper_bound": 5,
        "fixed": true
    },
    "dz": {
        "value": -0.42449828820274305,
        "lower_bound": -1,
        "upper_bound": 1,
        "fixed": false
    },
    "sl": {
        "value": 5.000000000112942,
        "lower_bound": 5,
        "upper_bound": 10,
        "fixed": false
    },
    "f1": {
        "value": 7.781990898356883,
        "lower_bound": 2,
        "upper_bound": 12,
        "fixed": false
    },
    "f2": {
        "value": 4.079680104055845,
        "lower_bound": 2,
        "upper_bound": 12,
        "fixed": false
    },
    "a1": {
        "value": 28.528397400974608,
        "lower_bound": 5,
        "upper_bound": 120,
        "fixed": false
    },
    "a2": {
        "value": 65.50458709575963,
        "lower_bound": 10,
        "upper_bound": 120,
        "fixed": false
    }
}
